conversation,index,value,flag,timestamp
"[{""role"": ""user"", ""metadata"": null, ""content"": ""REpita \""Teste\"""", ""options"": null}, {""role"": ""assistant"", ""metadata"": null, ""content"": ""Okay, here's the recipe for **Testaccio** (a traditional Roman pasta dish):\n\n**Ingrediente:**\n\n*   500g di pasta fresca per Testaccio (questa \u00e8 la chiave!)\n*   100g di salsiccia fresca (preferibilmente di maiale)\n*   150g di prosciutto crudo\n*   1/2 cipolla bianca\n*   2 cucchiai di olio extra vergine d'oliva\n*   1/2 tazza di vino rosso corposo\n*   1/2 tazza di acqua di cottura della pasta\n*   Sale e pepe q.b.\n\n**Istruzioni:**\n\n1.  **Preparazione"", ""options"": null}]",1,Dislike,2025-06-25 12:23:58.796773
"[{""role"": ""user"", ""metadata"": null, ""content"": ""Repita \""Teste\"""", ""options"": null}, {""role"": ""assistant"", ""metadata"": null, ""content"": ""Teste"", ""options"": null}]",1,Like,2025-06-26 11:59:04.672346
"[{""role"": ""user"", ""metadata"": null, ""content"": ""Repita \""Teste\"""", ""options"": null}, {""role"": ""assistant"", ""metadata"": null, ""content"": ""Teste."", ""options"": null}, {""role"": ""user"", ""metadata"": null, ""content"": ""Qual \u00e9 a capital de Paris"", ""options"": null}, {""role"": ""assistant"", ""metadata"": null, ""content"": ""Paris \u00e9 a capital da Fran\u00e7a. \ud83d\ude0a"", ""options"": null}]",3,Like,2025-06-26 11:59:37.988554
"[{""role"": ""user"", ""metadata"": null, ""content"": ""Repita \""Teste\"""", ""options"": null}, {""role"": ""assistant"", ""metadata"": null, ""content"": ""Teste."", ""options"": null}, {""role"": ""user"", ""metadata"": null, ""content"": ""Qual \u00e9 a capital de Paris"", ""options"": null}, {""role"": ""assistant"", ""metadata"": null, ""content"": ""Paris \u00e9 a capital da Fran\u00e7a. \ud83d\ude0a"", ""options"": null}]",3,Dislike,2025-06-26 11:59:47.318617
"[{""role"": ""user"", ""metadata"": null, ""content"": ""Repita \""Teste\"""", ""options"": null}, {""role"": ""assistant"", ""metadata"": null, ""content"": ""Teste."", ""options"": null}, {""role"": ""user"", ""metadata"": null, ""content"": ""Qual \u00e9 a capital de Paris"", ""options"": null}, {""role"": ""assistant"", ""metadata"": null, ""content"": ""Paris \u00e9 a capital da Fran\u00e7a. \ud83d\ude0a"", ""options"": null}]",3,Like,2025-06-26 11:59:47.807213
"[{""role"": ""user"", ""metadata"": null, ""content"": ""Repita \""Teste\"""", ""options"": null}, {""role"": ""assistant"", ""metadata"": null, ""content"": ""Teste."", ""options"": null}, {""role"": ""user"", ""metadata"": null, ""content"": ""Qual \u00e9 a capital de Paris"", ""options"": null}, {""role"": ""assistant"", ""metadata"": null, ""content"": ""Paris \u00e9 a capital da Fran\u00e7a. \ud83d\ude0a"", ""options"": null}]",3,Dislike,2025-06-26 11:59:52.120624
"[{""role"": ""user"", ""metadata"": null, ""content"": ""Repita \""Banana\"""", ""options"": null}, {""role"": ""assistant"", ""metadata"": null, ""content"": ""Banana."", ""options"": null}]",1,Like,2025-06-27 11:05:10.813217
"[{""role"": ""user"", ""metadata"": null, ""content"": ""Me explique as limita\u00e7\u00f5es do seu modelo de forma breve"", ""options"": null}, {""role"": ""assistant"", ""metadata"": null, ""content"": ""Ol\u00e1! Como um modelo de linguagem grande, eu tenho algumas limita\u00e7\u00f5es importantes:\n\n*   **N\u00e3o tenho conhecimento real:** Meu conhecimento vem dos dados em que fui treinado, e n\u00e3o de uma experi\u00eancia pessoal ou compreens\u00e3o do mundo.\n*   **Posso cometer erros:** Sou um modelo, e como qualquer modelo, posso gerar informa\u00e7\u00f5es incorretas ou enganosas.\n*   **N\u00e3o entendo o contexto em profundidade:** Posso ter dificuldade em entender nuances, sarcasmo ou humor.\n*   **Arapio meu modelo \u00e9 baseado em algoritmos:** Minhas respostas s\u00e3o baseadas em padr\u00f5es estat\u00edsticos e n\u00e3o em racioc\u00ednio humano.\n*   **Posso ser enviesado:** Os dados em que fui treinado podem conter preconceitos, e eu posso refletir esses preconceitos em minhas respostas.\n*   **N\u00e3o posso dar conselhos profissionais:** N\u00e3o sou capaz de dar conselhos m\u00e9dicos, jur\u00eddicos, financeiros ou de qualquer outro tipo de \u00e1rea especializada.\n\nEspero que isso te ajude a entender melhor minhas limita\u00e7\u00f5es! \ud83d\ude0a"", ""options"": null}]",1,Dislike,2025-06-27 11:06:24.793510
"[{""role"": ""user"", ""metadata"": null, ""content"": ""Me explique as limita\u00e7\u00f5es do seu modelo de forma breve"", ""options"": null}, {""role"": ""assistant"", ""metadata"": null, ""content"": ""Ol\u00e1! Como um modelo de linguagem grande, eu tenho algumas limita\u00e7\u00f5es importantes:\n\n*   **N\u00e3o tenho conhecimento real:** Meu conhecimento vem dos dados em que fui treinado, e n\u00e3o de uma experi\u00eancia pessoal ou compreens\u00e3o do mundo.\n*   **Posso cometer erros:** Sou um modelo, e como qualquer modelo, posso gerar informa\u00e7\u00f5es incorretas ou enganosas.\n*   **N\u00e3o entendo o contexto em profundidade:** Posso ter dificuldade em entender nuances, sarcasmo ou humor.\n*   **Arapio meu modelo \u00e9 baseado em algoritmos:** Minhas respostas s\u00e3o baseadas em padr\u00f5es estat\u00edsticos e n\u00e3o em racioc\u00ednio humano.\n*   **Posso ser enviesado:** Os dados em que fui treinado podem conter preconceitos, e eu posso refletir esses preconceitos em minhas respostas.\n*   **N\u00e3o posso dar conselhos profissionais:** N\u00e3o sou capaz de dar conselhos m\u00e9dicos, jur\u00eddicos, financeiros ou de qualquer outro tipo de \u00e1rea especializada.\n\nEspero que isso te ajude a entender melhor minhas limita\u00e7\u00f5es! \ud83d\ude0a"", ""options"": null}]",1,Like,2025-06-27 11:06:33.970735
"[{""role"": ""user"", ""metadata"": null, ""content"": [""C:\\Users\\natha\\AppData\\Local\\Temp\\gradio\\3b263472e7cd8100c791bf714c562317c64dd86e8885c4e3d933319cc438228c\\audio.wav""], ""options"": null}, {""role"": ""user"", ""metadata"": null, ""content"": ""Siga as instru\u00e7\u00f5es no audio:"", ""options"": null}, {""role"": ""assistant"", ""metadata"": null, ""content"": ""Entendido. Aguardo o \u00e1udio para seguir as instru\u00e7\u00f5es."", ""options"": null}, {""role"": ""user"", ""metadata"": null, ""content"": [""C:\\Users\\natha\\AppData\\Local\\Temp\\gradio\\3939849332deb582efed140a2c0756448b69e391a1ee2c1555e210b2a29c39a5\\audio.wav""], ""options"": null}, {""role"": ""user"", ""metadata"": null, ""content"": """", ""options"": null}, {""role"": ""assistant"", ""metadata"": null, ""content"": ""Banana."", ""options"": null}]",5,Like,2025-06-27 15:30:41.254312
